season,date,home_team,away_team,side,prob,odds,ev,kelly,stake,won,profit,bankroll
2023-24,2023-08-12,Sheffield United,Crystal Palace,away,0.4633,2.38,0.1026,0.0186,18.6,True,25.67,1025.67
2023-24,2023-08-12,Newcastle,Aston Villa,home,0.5916,1.75,0.0353,0.0118,12.1,True,9.08,1034.75
2023-24,2023-08-13,Chelsea,Liverpool,home,0.39,2.9,0.131,0.0172,17.8,False,-17.8,1016.95
2023-24,2023-08-13,Brentford,Tottenham,home,0.4239,2.75,0.1658,0.0237,24.1,False,-24.1,992.85
2023-24,2023-08-18,Nott'm Forest,Sheffield United,home,0.6005,1.95,0.1711,0.045,44.68,True,42.44,1035.29
2023-24,2023-08-19,Tottenham,Man United,home,0.5356,2.8,0.4996,0.0625,64.71,True,116.47,1151.76
2023-24,2023-08-19,Fulham,Brentford,home,0.4317,2.7,0.1656,0.0244,28.1,False,-28.1,1123.66
2023-24,2023-08-20,Aston Villa,Everton,home,0.6136,1.7,0.0431,0.0154,17.3,True,12.11,1135.77
2023-24,2023-08-20,West Ham,Chelsea,home,0.4563,3.75,0.711,0.0625,70.99,True,195.21,1330.98
2023-24,2023-08-26,Brentford,Crystal Palace,away,0.3866,3.5,0.3529,0.0353,46.98,False,-46.98,1284.0
2023-24,2023-08-26,Everton,Wolves,home,0.6356,2.3,0.4619,0.0625,80.25,False,-80.25,1203.75
2023-24,2023-08-26,FC Koln,Wolfsburg,home,0.6472,2.3,0.4885,0.0625,75.23,False,-75.23,1128.52
2023-24,2023-08-26,M'gladbach,Leverkusen,home,0.384,3.8,0.4592,0.041,46.27,False,-46.27,1082.25
2023-24,2023-08-26,Heidenheim,Hoffenheim,home,0.6404,3.0,0.9213,0.0625,67.64,False,-67.64,1014.61
2023-24,2023-08-27,Newcastle,Liverpool,home,0.6408,2.2,0.4097,0.0625,63.41,False,-63.41,951.2
2023-24,2023-08-27,Mainz,Ein Frankfurt,away,0.4366,2.88,0.2574,0.0342,32.53,False,-32.53,918.67
2023-24,2023-09-02,Brentford,Bournemouth,home,0.6102,1.73,0.0557,0.0191,17.55,False,-17.55,901.12
2023-24,2023-09-02,Sheffield United,Everton,away,0.4347,2.5,0.0866,0.0144,12.98,False,-12.98,888.14
2023-24,2023-09-02,Werder Bremen,Mainz,home,0.5245,2.63,0.3795,0.0582,51.69,True,84.25,972.39
2023-24,2023-09-02,Stuttgart,Freiburg,away,0.465,3.2,0.488,0.0554,53.87,False,-53.87,918.52
2023-24,2023-09-02,Hoffenheim,Wolfsburg,away,0.5247,2.63,0.3799,0.0583,53.55,False,-53.55,864.97
2023-24,2023-09-02,Brighton,Newcastle,home,0.5991,2.5,0.4978,0.0625,54.06,True,81.09,946.06
2023-24,2023-09-03,Union Berlin,RB Leipzig,home,0.5264,3.4,0.7897,0.0625,59.13,False,-59.13,886.93
2023-24,2023-09-03,Ein Frankfurt,FC Koln,home,0.6252,2.1,0.3129,0.0625,55.43,False,-55.43,831.5
2023-24,2023-09-03,Crystal Palace,Wolves,home,0.6655,1.91,0.271,0.0625,51.97,True,47.29,878.79
2023-24,2023-09-03,Liverpool,Aston Villa,home,0.6502,1.65,0.0728,0.028,24.61,True,15.99,894.78
2023-24,2023-09-15,Bayern Munich,Leverkusen,home,0.654,1.65,0.0791,0.0304,27.2,False,-27.2,867.58
2023-24,2023-09-16,Wolfsburg,Union Berlin,home,0.5795,2.25,0.3038,0.0608,52.75,True,65.94,933.52
2023-24,2023-09-16,Freiburg,Dortmund,home,0.3916,3.1,0.2139,0.0255,23.8,False,-23.8,909.72
2023-24,2023-09-16,FC Koln,Hoffenheim,home,0.4838,2.25,0.0885,0.0177,16.1,False,-16.1,893.62
2023-24,2023-09-16,Aston Villa,Crystal Palace,home,0.6257,1.91,0.1951,0.0536,47.9,True,43.59,937.21
2023-24,2023-09-16,Mainz,Stuttgart,away,0.4271,2.7,0.1531,0.0225,21.09,True,35.85,973.06
2023-24,2023-09-17,Heidenheim,Werder Bremen,away,0.4769,2.7,0.2876,0.0423,41.16,False,-41.16,931.9
2023-24,2023-09-17,Darmstadt,M'gladbach,away,0.5008,2.38,0.192,0.0348,32.43,False,-32.43,899.47
2023-24,2023-09-18,Nott'm Forest,Burnley,home,0.5079,2.2,0.1174,0.0245,22.04,False,-22.04,877.43
2023-24,2023-09-23,Augsburg,Mainz,away,0.4918,2.63,0.2933,0.045,39.48,False,-39.48,837.95
2023-24,2023-09-23,Crystal Palace,Fulham,home,0.6672,1.91,0.2744,0.0625,52.37,False,-52.37,785.58
2023-24,2023-09-23,Luton,Wolves,home,0.5036,3.25,0.6366,0.0625,49.1,False,-49.1,736.48
2023-24,2023-09-23,Brentford,Everton,home,0.6407,1.8,0.1532,0.0479,35.28,False,-35.28,701.2
2023-24,2023-09-23,Dortmund,Wolfsburg,home,0.673,1.65,0.1104,0.0425,29.8,True,19.37,720.57
2023-24,2023-09-23,Union Berlin,Hoffenheim,home,0.5466,2.05,0.1205,0.0287,20.68,False,-20.68,699.89
2023-24,2023-09-23,Werder Bremen,FC Koln,home,0.5153,2.5,0.2882,0.048,33.59,True,50.39,750.28
2023-24,2023-09-24,Ein Frankfurt,Freiburg,home,0.5404,2.05,0.1079,0.0257,19.28,False,-19.28,731.0
2023-24,2023-09-30,Tottenham,Liverpool,home,0.4205,2.9,0.2194,0.0289,21.13,True,40.14,771.14
2023-24,2023-09-30,FC Koln,Stuttgart,away,0.465,2.38,0.1068,0.0193,14.88,True,20.54,791.68
2023-24,2023-09-30,Heidenheim,Union Berlin,away,0.4812,2.25,0.0828,0.0166,13.14,False,-13.14,778.54
2023-24,2023-09-30,Bochum,M'gladbach,home,0.5172,2.3,0.1895,0.0364,28.34,False,-28.34,750.2
2023-24,2023-10-01,Nott'm Forest,Brentford,home,0.4298,2.75,0.1821,0.026,19.51,False,-19.51,730.69
2023-24,2023-10-02,Fulham,Chelsea,home,0.406,3.6,0.4614,0.0444,32.44,False,-32.44,698.25
2023-24,2023-10-03,Luton,Burnley,home,0.5136,2.9,0.4894,0.0625,43.64,False,-43.64,654.61
2023-24,2023-10-06,M'gladbach,Mainz,away,0.3816,3.4,0.2976,0.031,20.29,False,-20.29,634.32
2023-24,2023-10-07,Werder Bremen,Hoffenheim,away,0.4366,2.4,0.0478,0.0085,5.39,True,7.55,641.87
2023-24,2023-10-07,Crystal Palace,Nott'm Forest,home,0.5231,2.2,0.1509,0.0314,20.15,False,-20.15,621.72
2023-24,2023-10-07,Fulham,Sheffield United,home,0.6726,1.62,0.0897,0.0362,22.51,True,13.95,635.67
2023-24,2023-10-08,Brighton,Liverpool,home,0.6514,3.0,0.9543,0.0625,39.73,False,-39.73,595.94
2023-24,2023-10-08,Arsenal,Man City,away,0.442,2.4,0.0609,0.0109,6.5,False,-6.5,589.44
2023-24,2023-10-21,Freiburg,Bochum,home,0.6278,1.7,0.0672,0.024,14.15,True,9.9,599.34
2023-24,2023-10-21,Union Berlin,Stuttgart,home,0.4371,2.5,0.0929,0.0155,9.29,False,-9.29,590.05
2023-24,2023-10-21,Chelsea,Arsenal,away,0.4911,2.25,0.1049,0.021,12.39,False,-12.39,577.66
2023-24,2023-10-21,Brentford,Burnley,home,0.6348,1.83,0.1617,0.0487,28.13,True,23.35,601.01
2023-24,2023-10-21,Bournemouth,Wolves,away,0.3946,3.0,0.1838,0.023,13.82,True,27.65,628.66
2023-24,2023-10-21,Hoffenheim,Ein Frankfurt,away,0.5131,3.4,0.7446,0.0625,39.29,True,94.3,722.96
2023-24,2023-10-22,Heidenheim,Augsburg,home,0.5359,2.45,0.3129,0.0539,38.97,False,-38.97,683.99
2023-24,2023-10-22,FC Koln,M'gladbach,home,0.5013,2.4,0.203,0.0363,24.83,True,34.76,718.75
2023-24,2023-10-22,Aston Villa,West Ham,home,0.6439,1.85,0.1911,0.0562,40.39,True,34.33,753.08
2023-24,2023-10-27,Bochum,Mainz,home,0.3957,2.7,0.0684,0.0101,7.61,False,-7.61,745.47
2023-24,2023-10-28,Bournemouth,Burnley,home,0.5127,2.15,0.1024,0.0223,16.62,True,19.12,764.59
2023-24,2023-10-28,Werder Bremen,Union Berlin,away,0.4345,2.6,0.1297,0.0203,15.52,False,-15.52,749.07
2023-24,2023-10-28,Stuttgart,Hoffenheim,home,0.5819,1.85,0.0765,0.0225,16.85,False,-16.85,732.22
2023-24,2023-10-29,West Ham,Everton,home,0.533,2.15,0.146,0.0317,23.21,False,-23.21,709.01
2023-24,2023-11-04,Union Berlin,Ein Frankfurt,away,0.3915,2.9,0.1352,0.0178,12.62,True,23.98,732.99
2023-24,2023-11-04,Newcastle,Arsenal,away,0.4269,2.6,0.11,0.0172,12.61,False,-12.61,720.38
2023-24,2023-11-04,FC Koln,Augsburg,home,0.6215,2.3,0.4293,0.0625,45.02,False,-45.02,675.36
2023-24,2023-11-04,Freiburg,M'gladbach,home,0.6184,2.1,0.2987,0.0625,42.21,False,-42.21,633.15
2023-24,2023-11-04,Brentford,West Ham,home,0.6274,2.05,0.2862,0.0625,39.57,True,41.55,674.7
2023-24,2023-11-04,Everton,Brighton,home,0.5304,3.1,0.6443,0.0625,42.17,False,-42.17,632.53
2023-24,2023-11-04,Burnley,Crystal Palace,away,0.4177,2.6,0.0861,0.0135,8.54,True,13.66,646.19
2023-24,2023-11-04,Fulham,Man United,home,0.5119,3.2,0.6381,0.0625,40.39,False,-40.39,605.8
2023-24,2023-11-05,Wolfsburg,Werder Bremen,home,0.6619,1.7,0.1253,0.0447,27.08,False,-27.08,578.72
2023-24,2023-11-06,Tottenham,Chelsea,home,0.6276,2.0,0.2551,0.0625,36.17,False,-36.17,542.55
2023-24,2023-11-10,M'gladbach,Wolfsburg,away,0.4994,2.7,0.3485,0.0512,27.78,False,-27.78,514.77
2023-24,2023-11-11,Stuttgart,Dortmund,home,0.657,2.55,0.6752,0.0625,32.17,True,49.87,564.64
2023-24,2023-11-11,Bochum,FC Koln,home,0.5488,2.45,0.3446,0.0594,33.54,False,-33.54,531.1
2023-24,2023-11-11,Crystal Palace,Everton,home,0.4244,2.45,0.0398,0.0069,3.66,False,-3.66,527.44
2023-24,2023-11-11,Augsburg,Hoffenheim,away,0.4174,2.55,0.0642,0.0104,5.49,False,-5.49,521.95
2023-24,2023-11-11,Darmstadt,Mainz,home,0.4097,3.1,0.27,0.0321,16.75,False,-16.75,505.2
2023-24,2023-11-11,Wolves,Tottenham,home,0.5067,3.1,0.5709,0.0625,31.58,True,66.31,571.51
2023-24,2023-11-25,Nott'm Forest,Brighton,home,0.4631,3.2,0.4818,0.0547,31.26,False,-31.26,540.25
2023-24,2023-11-25,Burnley,West Ham,home,0.4598,3.4,0.5633,0.0587,31.71,False,-31.71,508.54
2023-24,2023-11-25,Man City,Liverpool,away,0.3801,4.2,0.5964,0.0466,23.7,False,-23.7,484.84
2023-24,2023-11-25,Newcastle,Chelsea,home,0.6566,2.55,0.6743,0.0625,30.3,True,46.97,531.81
2023-24,2023-11-25,Luton,Crystal Palace,away,0.5119,2.1,0.0749,0.017,9.04,False,-9.04,522.77
2023-24,2023-11-26,Everton,Man United,away,0.4043,2.55,0.0309,0.005,2.61,True,4.05,526.82
2023-24,2023-11-26,Tottenham,Aston Villa,home,0.6403,2.3,0.4727,0.0625,32.93,False,-32.93,493.89
2023-24,2023-11-27,Fulham,Wolves,home,0.4552,2.38,0.0834,0.0151,7.46,True,10.29,504.18
2023-24,2023-12-02,Nott'm Forest,Everton,home,0.55,2.75,0.5125,0.0625,31.51,False,-31.51,472.67
2023-24,2023-12-02,M'gladbach,Hoffenheim,away,0.4738,2.88,0.3644,0.0485,22.92,False,-22.92,449.75
2023-24,2023-12-02,Newcastle,Man United,home,0.5707,1.91,0.0901,0.0248,11.15,True,10.15,459.9
2023-24,2023-12-02,Burnley,Sheffield United,home,0.6592,1.8,0.1866,0.0583,26.81,True,21.45,481.35
2023-24,2023-12-02,Bochum,Wolfsburg,home,0.5384,2.63,0.416,0.0625,30.08,True,49.04,530.39
2023-24,2023-12-03,Mainz,Freiburg,home,0.5175,2.3,0.1903,0.0366,19.41,False,-19.41,510.98
2023-24,2023-12-03,Augsburg,Ein Frankfurt,away,0.4977,2.55,0.2691,0.0434,22.18,False,-22.18,488.8
2023-24,2023-12-03,Bournemouth,Aston Villa,home,0.5271,3.4,0.7923,0.0625,30.55,False,-30.55,458.25
2023-24,2023-12-06,Man United,Chelsea,home,0.5692,2.88,0.6392,0.0625,28.64,True,53.84,512.09
2023-24,2023-12-06,Brighton,Brentford,home,0.6559,1.91,0.2527,0.0625,32.01,True,29.13,541.22
2023-24,2023-12-07,Tottenham,West Ham,home,0.5986,1.75,0.0476,0.0159,8.61,False,-8.61,532.61
2023-24,2023-12-09,Aston Villa,Arsenal,home,0.5896,3.3,0.9455,0.0625,33.29,True,76.56,609.17
2023-24,2023-12-09,Dortmund,RB Leipzig,away,0.4372,2.55,0.115,0.0185,11.27,True,17.47,626.64
2023-24,2023-12-09,Werder Bremen,Augsburg,home,0.5713,2.38,0.3597,0.0625,39.16,True,54.05,680.69
2023-24,2023-12-09,Union Berlin,M'gladbach,away,0.3902,3.4,0.3267,0.034,23.14,False,-23.14,657.55
2023-24,2023-12-10,Tottenham,Newcastle,home,0.6169,2.15,0.3262,0.0625,41.1,True,47.26,704.81
2023-24,2023-12-10,Fulham,West Ham,home,0.554,2.38,0.3185,0.0577,40.67,True,56.12,760.93
2023-24,2023-12-10,Everton,Chelsea,home,0.4464,3.1,0.384,0.0457,34.77,True,73.03,833.96
2023-24,2023-12-10,Stuttgart,Leverkusen,away,0.4993,2.3,0.1483,0.0285,23.77,False,-23.77,810.19
2023-24,2023-12-10,FC Koln,Mainz,away,0.4097,3.0,0.2292,0.0286,23.17,False,-23.17,787.02
2023-24,2023-12-16,Newcastle,Fulham,home,0.6421,1.8,0.1557,0.0487,38.33,True,30.66,817.68
2023-24,2023-12-16,Mainz,Heidenheim,home,0.6342,1.67,0.0592,0.0221,18.07,False,-18.07,799.61
2023-24,2023-12-16,Burnley,Everton,home,0.4018,3.6,0.4465,0.0429,34.3,False,-34.3,765.31
2023-24,2023-12-17,Brentford,Aston Villa,home,0.5786,3.2,0.8514,0.0625,47.83,False,-47.83,717.48
2023-24,2023-12-20,Union Berlin,FC Koln,away,0.3988,3.8,0.5156,0.046,33.0,False,-33.0,684.48
2023-24,2023-12-20,Heidenheim,Freiburg,away,0.5035,2.38,0.1984,0.0359,24.57,False,-24.57,659.91
2023-24,2023-12-21,Crystal Palace,Brighton,home,0.4341,3.3,0.4325,0.047,31.02,False,-31.02,628.89
2023-24,2023-12-23,Tottenham,Everton,home,0.6424,1.75,0.1242,0.0414,26.04,True,19.53,648.42
2023-24,2023-12-23,West Ham,Man United,away,0.4317,2.6,0.1223,0.0191,12.38,False,-12.38,636.04
2023-24,2023-12-23,Nott'm Forest,Bournemouth,away,0.4821,2.55,0.2294,0.037,23.53,True,36.48,672.52
2023-24,2023-12-26,Man United,Aston Villa,home,0.419,2.6,0.0895,0.014,9.42,True,15.06,687.58
2023-24,2023-12-26,Sheffield United,Luton,home,0.6228,2.3,0.4324,0.0625,42.97,False,-42.97,644.61
2023-24,2023-12-27,Brentford,Wolves,home,0.5866,1.95,0.1438,0.0378,24.37,False,-24.37,620.24
2023-24,2023-12-28,Brighton,Tottenham,home,0.4259,2.5,0.0647,0.0108,6.7,True,10.05,630.29
2023-24,2023-12-30,Wolves,Everton,home,0.5422,2.63,0.426,0.0625,39.39,True,64.21,694.5
2023-24,2023-12-31,Tottenham,Bournemouth,home,0.6214,1.75,0.0875,0.0292,20.28,True,15.21,709.71
2023-24,2024-01-02,West Ham,Brighton,home,0.5541,2.45,0.3576,0.0617,43.79,False,-43.79,665.92
2023-24,2024-01-13,FC Koln,Heidenheim,home,0.5674,2.05,0.1631,0.0388,25.84,False,-25.84,640.08
2023-24,2024-01-13,Freiburg,Union Berlin,home,0.6266,2.05,0.2845,0.0625,40.01,False,-40.01,600.08
2023-24,2024-01-13,Mainz,Wolfsburg,away,0.4541,3.25,0.4758,0.0529,31.74,False,-31.74,568.34
2023-24,2024-01-14,Man United,Tottenham,home,0.5462,2.2,0.2016,0.042,23.87,False,-23.87,544.47
2023-24,2024-01-14,Everton,Aston Villa,home,0.5576,2.8,0.5614,0.0625,34.03,False,-34.03,510.44
2023-24,2024-01-20,Heidenheim,Wolfsburg,home,0.4302,2.7,0.1616,0.0238,12.15,False,-12.15,498.29
2023-24,2024-01-20,Freiburg,Hoffenheim,home,0.6659,2.0,0.3319,0.0625,31.14,True,31.14,529.43
2023-24,2024-01-20,RB Leipzig,Leverkusen,away,0.4589,2.7,0.2391,0.0352,18.64,True,31.68,561.11
2023-24,2024-01-20,Brentford,Nott'm Forest,home,0.5655,1.91,0.08,0.022,12.34,True,11.23,572.34
2023-24,2024-01-21,Sheffield United,West Ham,home,0.5511,3.4,0.8737,0.0625,35.77,False,-35.77,536.57
2023-24,2024-01-22,Brighton,Wolves,home,0.6484,1.65,0.0699,0.0269,14.43,False,-14.43,522.14
2023-24,2024-01-26,Ein Frankfurt,Mainz,home,0.5635,2.15,0.2116,0.046,24.02,True,27.62,549.76
2023-24,2024-01-27,Stuttgart,RB Leipzig,home,0.4128,2.63,0.0857,0.0131,7.2,True,11.74,561.5
2023-24,2024-01-27,Werder Bremen,Freiburg,away,0.4202,2.88,0.2101,0.0279,15.67,False,-15.67,545.83
2023-24,2024-01-30,Fulham,Everton,home,0.4616,2.45,0.1308,0.0226,12.34,False,-12.34,533.49
2023-24,2024-01-30,Aston Villa,Newcastle,home,0.6262,1.85,0.1585,0.0466,24.86,False,-24.86,508.63
2023-24,2024-02-01,Wolves,Man United,home,0.5519,2.63,0.4515,0.0625,31.79,False,-31.79,476.84
2023-24,2024-02-01,West Ham,Bournemouth,home,0.6017,2.4,0.444,0.0625,29.8,False,-29.8,447.04
2023-24,2024-02-03,Brighton,Crystal Palace,home,0.6503,1.7,0.1055,0.0377,16.85,True,11.8,458.84
2023-24,2024-02-03,FC Koln,Ein Frankfurt,away,0.4715,2.2,0.0373,0.0078,3.58,False,-3.58,455.26
2023-24,2024-02-03,Everton,Tottenham,away,0.475,2.25,0.0688,0.0138,6.28,False,-6.28,448.98
2023-24,2024-02-03,Burnley,Fulham,away,0.5272,2.38,0.2548,0.0462,20.74,False,-20.74,428.24
2023-24,2024-02-03,Freiburg,Stuttgart,home,0.5805,3.1,0.7996,0.0625,26.76,False,-26.76,401.48
2023-24,2024-02-03,Mainz,Werder Bremen,away,0.4109,3.5,0.4382,0.0438,17.58,True,43.96,445.44
2023-24,2024-02-03,Bochum,Augsburg,home,0.6379,2.15,0.3715,0.0625,27.84,False,-27.84,417.6
2023-24,2024-02-04,Arsenal,Liverpool,away,0.4429,3.1,0.3729,0.0444,18.54,False,-18.54,399.06
2023-24,2024-02-04,Wolfsburg,Hoffenheim,home,0.5091,2.1,0.0692,0.0157,6.27,False,-6.27,392.79
2023-24,2024-02-07,Mainz,Union Berlin,away,0.3979,3.5,0.3927,0.0393,15.44,False,-15.44,377.35
2023-24,2024-02-10,Ein Frankfurt,Bochum,home,0.665,1.73,0.1504,0.0515,19.43,False,-19.43,357.92
2023-24,2024-02-10,Tottenham,Brighton,home,0.676,1.8,0.2169,0.0625,22.37,True,17.9,375.82
2023-24,2024-02-10,Fulham,Bournemouth,away,0.4127,2.8,0.1556,0.0216,8.12,False,-8.12,367.7
2023-24,2024-02-10,Leverkusen,Bayern Munich,home,0.5129,2.63,0.3488,0.0535,19.67,True,32.07,399.77
2023-24,2024-02-10,Luton,Sheffield United,home,0.6663,1.75,0.1661,0.0554,22.15,False,-22.15,377.62
2023-24,2024-02-10,Wolves,Brentford,home,0.6166,2.1,0.2949,0.0625,23.6,False,-23.6,354.02
2023-24,2024-02-11,Aston Villa,Man United,home,0.6673,2.15,0.4347,0.0625,22.13,False,-22.13,331.89
2023-24,2024-02-12,Crystal Palace,Chelsea,home,0.3852,4.2,0.6179,0.0483,16.03,False,-16.03,315.86
2023-24,2024-02-16,FC Koln,Werder Bremen,home,0.6006,2.4,0.4414,0.0625,19.74,False,-19.74,296.12
2023-24,2024-02-17,Fulham,Aston Villa,home,0.5467,2.9,0.5853,0.0625,18.51,False,-18.51,277.61
2023-24,2024-02-17,Nott'm Forest,West Ham,away,0.5273,2.9,0.5292,0.0625,17.35,False,-17.35,260.26
2023-24,2024-02-17,Mainz,Augsburg,away,0.4514,3.8,0.7152,0.0625,16.27,False,-16.27,243.99
2023-24,2024-02-18,Freiburg,Ein Frankfurt,home,0.5364,2.3,0.2337,0.0449,10.96,False,-10.96,233.03
2023-24,2024-02-19,Everton,Crystal Palace,home,0.6394,1.7,0.087,0.0311,7.25,False,-7.25,225.78
2023-24,2024-02-24,Brighton,Everton,home,0.6145,1.83,0.1246,0.0375,8.47,False,-8.47,217.31
2023-24,2024-02-24,Crystal Palace,Burnley,home,0.6647,1.95,0.2963,0.0625,13.58,True,12.9,230.21
2023-24,2024-02-25,Augsburg,Freiburg,home,0.4692,2.2,0.0322,0.0067,1.54,True,1.85,232.06
2023-24,2024-02-25,Ein Frankfurt,Wolfsburg,home,0.4736,2.25,0.0655,0.0131,3.04,False,-3.04,229.02
2023-24,2024-02-26,West Ham,Brentford,home,0.5915,2.5,0.4788,0.0625,14.31,True,21.47,250.49
2023-24,2024-03-02,Everton,West Ham,home,0.5475,2.05,0.1223,0.0291,7.29,False,-7.29,243.2
2023-24,2024-03-02,Fulham,Brighton,home,0.5543,2.55,0.4136,0.0625,15.2,True,23.56,266.76
2023-24,2024-03-02,Union Berlin,Dortmund,away,0.506,2.05,0.0374,0.0089,2.37,True,2.49,269.25
2023-24,2024-03-02,Wolfsburg,Stuttgart,home,0.4777,3.3,0.5764,0.0625,16.83,False,-16.83,252.42
2023-24,2024-03-02,Heidenheim,Ein Frankfurt,home,0.3962,2.8,0.1094,0.0152,3.84,False,-3.84,248.58
2023-24,2024-03-02,Mainz,M'gladbach,away,0.4693,3.75,0.7599,0.0625,15.54,False,-15.54,233.04
2023-24,2024-03-03,Hoffenheim,Werder Bremen,home,0.6173,1.91,0.1791,0.0492,11.47,True,10.43,243.47
2023-24,2024-03-09,Wolves,Fulham,home,0.5474,2.5,0.3686,0.0614,14.95,True,22.42,265.89
2023-24,2024-03-09,Man United,Everton,away,0.41,4.0,0.6402,0.0533,14.17,False,-14.17,251.72
2023-24,2024-03-09,Augsburg,Heidenheim,home,0.65,1.85,0.2025,0.0596,15.0,True,12.75,264.47
2023-24,2024-03-09,M'gladbach,FC Koln,home,0.6435,1.83,0.1776,0.0535,14.15,False,-14.15,250.32
2023-24,2024-03-10,West Ham,Burnley,home,0.647,1.67,0.0805,0.03,7.51,False,-7.51,242.81
2023-24,2024-03-10,Ein Frankfurt,Hoffenheim,home,0.6429,2.0,0.2858,0.0625,15.18,True,15.18,257.99
2023-24,2024-03-11,Chelsea,Newcastle,home,0.6126,1.91,0.1702,0.0467,12.05,True,10.96,268.95
2023-24,2024-03-16,Hoffenheim,Stuttgart,home,0.4179,3.8,0.5879,0.0525,14.12,False,-14.12,254.83
2023-24,2024-03-16,Wolfsburg,Augsburg,away,0.44,3.5,0.5401,0.054,13.76,True,34.4,289.23
2023-24,2024-03-16,Mainz,Bochum,home,0.642,1.8,0.1556,0.0486,14.06,True,11.25,300.48
2023-24,2024-03-16,Union Berlin,Werder Bremen,away,0.4475,3.8,0.7005,0.0625,18.78,False,-18.78,281.7
2023-24,2024-03-16,Luton,Nott'm Forest,home,0.4502,2.8,0.2606,0.0362,10.2,False,-10.2,271.5
2023-24,2024-03-16,Burnley,Brentford,home,0.4889,3.25,0.589,0.0625,16.97,True,38.18,309.68
2023-24,2024-03-17,Dortmund,Ein Frankfurt,home,0.6641,1.62,0.0758,0.0306,9.48,True,5.88,315.56
2023-24,2024-03-30,Brentford,Man United,away,0.4797,2.2,0.0554,0.0115,3.63,False,-3.63,311.93
2023-24,2024-03-30,Newcastle,West Ham,home,0.6099,1.83,0.1161,0.035,10.92,True,9.06,320.99
2023-24,2024-03-30,Ein Frankfurt,Union Berlin,home,0.5678,2.0,0.1356,0.0339,10.88,False,-10.88,310.11
2023-24,2024-03-31,Augsburg,FC Koln,home,0.6498,1.75,0.1371,0.0457,14.17,False,-14.17,295.94
2023-24,2024-03-31,Man City,Arsenal,away,0.4762,3.8,0.8094,0.0625,18.5,False,-18.5,277.44
2023-24,2024-04-02,Burnley,Wolves,away,0.4212,2.75,0.1582,0.0226,6.27,False,-6.27,271.17
2023-24,2024-04-02,Nott'm Forest,Fulham,home,0.4506,2.7,0.2167,0.0319,8.65,True,14.71,285.88
2023-24,2024-04-04,Chelsea,Man United,away,0.3942,3.4,0.3403,0.0354,10.12,False,-10.12,275.76
2023-24,2024-04-06,Dortmund,Stuttgart,away,0.4312,2.8,0.2073,0.0288,7.94,True,14.3,290.06
2023-24,2024-04-06,Wolves,West Ham,home,0.6473,2.5,0.6182,0.0625,18.13,False,-18.13,271.93
2023-24,2024-04-07,Hoffenheim,Augsburg,away,0.4593,2.9,0.332,0.0437,11.88,False,-11.88,260.05
2023-24,2024-04-12,Augsburg,Union Berlin,home,0.5882,2.1,0.2351,0.0534,13.89,True,15.28,275.33
2023-24,2024-04-13,Newcastle,Tottenham,home,0.5223,2.7,0.4103,0.0603,16.6,True,28.22,303.55
2023-24,2024-04-13,Nott'm Forest,Wolves,home,0.5076,2.1,0.0659,0.015,4.55,False,-4.55,299.0
2023-24,2024-04-13,Bournemouth,Man United,away,0.4578,2.6,0.1903,0.0297,8.88,False,-8.88,290.12
2023-24,2024-04-13,Mainz,Hoffenheim,home,0.6579,1.95,0.2829,0.0625,18.13,True,17.23,307.35
2023-24,2024-04-14,Darmstadt,Freiburg,home,0.432,4.0,0.7278,0.0607,18.66,False,-18.66,288.69
2023-24,2024-04-19,Ein Frankfurt,Augsburg,home,0.5767,2.0,0.1535,0.0384,11.09,True,11.09,299.78
2023-24,2024-04-21,Dortmund,Leverkusen,away,0.4987,2.55,0.2716,0.0438,13.13,False,-13.13,286.65
2023-24,2024-04-21,Crystal Palace,West Ham,home,0.5701,2.1,0.1972,0.0448,12.84,True,14.13,300.78
2023-24,2024-04-21,Aston Villa,Bournemouth,home,0.6446,1.85,0.1925,0.0566,17.02,True,14.47,315.25
2023-24,2024-04-21,Freiburg,Mainz,home,0.4631,2.6,0.2041,0.0319,10.06,False,-10.06,305.19
2023-24,2024-04-24,Crystal Palace,Newcastle,away,0.5193,2.4,0.2463,0.044,13.43,False,-13.43,291.76
2023-24,2024-04-24,Wolves,Bournemouth,away,0.4202,2.5,0.0504,0.0084,2.45,True,3.68,295.44
2023-24,2024-04-26,Bochum,Hoffenheim,home,0.6156,2.15,0.3236,0.0625,18.46,True,21.23,316.67
2023-24,2024-04-27,Augsburg,Werder Bremen,home,0.6384,1.8,0.1491,0.0466,14.76,False,-14.76,301.91
2023-24,2024-04-27,Leverkusen,Stuttgart,home,0.6676,1.75,0.1682,0.0561,16.94,False,-16.94,284.97
2023-24,2024-04-27,Everton,Brentford,home,0.4809,2.3,0.106,0.0204,5.81,True,7.56,292.53
2023-24,2024-04-27,Fulham,Crystal Palace,away,0.425,3.5,0.4876,0.0488,14.28,False,-14.28,278.25
2023-24,2024-04-27,RB Leipzig,Dortmund,home,0.6318,1.67,0.0551,0.0206,5.73,True,3.84,282.09
2023-24,2024-04-28,Darmstadt,Heidenheim,home,0.4903,3.3,0.618,0.0625,17.63,False,-17.63,264.46
2023-24,2024-04-28,Bournemouth,Brighton,home,0.4915,2.25,0.1059,0.0212,5.61,True,7.01,271.47
2023-24,2024-05-02,Chelsea,Tottenham,home,0.5817,2.15,0.2506,0.0545,14.8,True,17.01,288.48
2023-24,2024-05-04,Dortmund,Augsburg,home,0.6197,1.85,0.1465,0.0431,12.43,True,10.57,299.05
2023-24,2024-05-04,Werder Bremen,M'gladbach,home,0.6379,2.25,0.4352,0.0625,18.69,False,-18.69,280.36
2023-24,2024-05-04,Brentford,Fulham,home,0.544,2.1,0.1425,0.0324,9.08,False,-9.08,271.28
2023-24,2024-05-04,Stuttgart,Bayern Munich,away,0.4245,3.1,0.3161,0.0376,10.2,False,-10.2,261.08
2023-24,2024-05-05,Chelsea,West Ham,home,0.6416,1.65,0.0586,0.0225,5.87,True,3.82,264.9
2023-24,2024-05-05,Brighton,Aston Villa,away,0.4888,2.45,0.1975,0.0341,9.03,False,-9.03,255.87
2023-24,2024-05-05,Union Berlin,Bochum,home,0.5321,1.95,0.0377,0.0099,2.53,False,-2.53,253.34
2023-24,2024-05-05,Heidenheim,Mainz,home,0.6128,3.0,0.8383,0.0625,15.83,False,-15.83,237.51
2023-24,2024-05-06,Crystal Palace,Man United,away,0.4841,2.8,0.3554,0.0494,11.73,False,-11.73,225.78
2023-24,2024-05-10,Augsburg,Stuttgart,home,0.5685,4.0,1.274,0.0625,14.11,False,-14.11,211.67
2023-24,2024-05-11,Wolves,Crystal Palace,away,0.5296,2.38,0.2605,0.0472,9.99,True,13.79,225.46
2023-24,2024-05-11,Freiburg,Heidenheim,home,0.6208,1.7,0.0553,0.0198,4.46,False,-4.46,221.0
2023-24,2024-05-11,FC Koln,Union Berlin,home,0.5102,2.8,0.4286,0.0595,13.15,True,23.67,244.67
2023-24,2024-05-11,Mainz,Dortmund,away,0.4243,3.1,0.3153,0.0375,9.18,False,-9.18,235.49
2023-24,2024-05-13,Aston Villa,Liverpool,home,0.5161,4.2,1.1675,0.0625,14.72,False,-14.72,220.77
2023-24,2024-05-18,Ein Frankfurt,RB Leipzig,away,0.4845,2.3,0.1143,0.022,4.86,False,-4.86,215.91
2023-24,2024-05-18,Heidenheim,FC Koln,home,0.5641,2.3,0.2975,0.0572,12.35,True,16.06,231.97
2023-24,2024-05-19,Burnley,Nott'm Forest,home,0.5292,3.0,0.5876,0.0625,14.5,False,-14.5,217.47
2023-24,2024-05-19,Brighton,Man United,home,0.6163,2.15,0.3251,0.0625,13.59,False,-13.59,203.88
2024-25,2024-08-17,Nott'm Forest,Bournemouth,home,0.6128,2.45,0.5014,0.0625,12.74,False,-12.74,191.14
2024-25,2024-08-17,West Ham,Aston Villa,away,0.4279,2.75,0.1767,0.0252,4.82,True,8.43,199.57
2024-25,2024-08-17,Everton,Brighton,away,0.4017,2.63,0.0565,0.0087,1.74,True,2.83,202.4
2024-25,2024-08-24,Crystal Palace,West Ham,home,0.6121,2.15,0.3159,0.0625,12.65,False,-12.65,189.75
2024-25,2024-08-24,Brighton,Man United,away,0.4667,2.63,0.2275,0.0349,6.62,False,-6.62,183.13
2024-25,2024-08-24,Augsburg,Werder Bremen,away,0.597,3.1,0.8506,0.0625,11.45,False,-11.45,171.68
2024-25,2024-08-24,Dortmund,Ein Frankfurt,home,0.6408,1.7,0.0893,0.0319,5.48,True,3.83,175.51
2024-25,2024-08-24,Freiburg,Stuttgart,away,0.5942,2.05,0.2181,0.0519,9.11,False,-9.11,166.4
2024-25,2024-08-24,Southampton,Nott'm Forest,away,0.4394,2.8,0.2304,0.032,5.32,True,9.58,175.98
2024-25,2024-08-24,Mainz,Union Berlin,home,0.5458,2.0,0.0915,0.0229,4.03,False,-4.03,171.95
2024-25,2024-08-25,Bournemouth,Newcastle,away,0.4722,2.2,0.0388,0.0081,1.39,False,-1.39,170.56
2024-25,2024-08-31,Brentford,Southampton,home,0.6037,1.75,0.0565,0.0188,3.21,True,2.4,172.96
2024-25,2024-08-31,Leicester,Aston Villa,home,0.4423,4.5,0.9904,0.0625,10.81,False,-10.81,162.15
2024-25,2024-08-31,Ipswich,Fulham,away,0.4665,2.3,0.073,0.014,2.27,False,-2.27,159.88
2024-25,2024-08-31,Leverkusen,RB Leipzig,home,0.6195,1.75,0.0841,0.028,4.48,False,-4.48,155.4
2024-25,2024-08-31,Ein Frankfurt,Hoffenheim,away,0.4838,3.9,0.8867,0.0625,9.71,False,-9.71,145.69
2024-25,2024-08-31,Bochum,M'gladbach,home,0.4885,2.6,0.2701,0.0422,6.15,False,-6.15,139.54
2024-25,2024-08-31,Nott'm Forest,Wolves,home,0.5288,2.0,0.0575,0.0144,2.01,False,-2.01,137.53
2024-25,2024-08-31,Holstein Kiel,Wolfsburg,home,0.5386,3.2,0.7236,0.0625,8.6,False,-8.6,128.93
2024-25,2024-09-01,Heidenheim,Augsburg,home,0.5601,2.38,0.3331,0.0603,7.77,True,10.73,139.66
2024-25,2024-09-01,Man United,Liverpool,home,0.3985,3.7,0.4744,0.0439,6.13,False,-6.13,133.53
2024-25,2024-09-01,Newcastle,Tottenham,away,0.4869,2.5,0.2173,0.0362,4.83,False,-4.83,128.7
2024-25,2024-09-14,Fulham,West Ham,home,0.5849,2.38,0.392,0.0625,8.04,False,-8.04,120.66
2024-25,2024-09-14,Bournemouth,Chelsea,away,0.5718,2.0,0.1437,0.0359,4.33,True,4.33,124.99
2024-25,2024-09-14,M'gladbach,Stuttgart,away,0.5639,2.3,0.297,0.0571,7.14,True,9.28,134.27
2024-25,2024-09-15,Mainz,Werder Bremen,away,0.4156,3.5,0.4546,0.0455,6.11,True,15.27,149.54
2024-25,2024-09-15,Augsburg,St Pauli,away,0.5424,3.4,0.8443,0.0625,9.35,False,-9.35,140.19
2024-25,2024-09-20,Augsburg,Mainz,home,0.4742,2.38,0.1287,0.0233,3.27,False,-3.27,136.92
2024-25,2024-09-21,Bochum,Holstein Kiel,home,0.5956,1.91,0.1376,0.0378,5.18,False,-5.18,131.74
2024-25,2024-09-21,Leicester,Everton,home,0.6335,2.45,0.5521,0.0625,8.23,False,-8.23,123.51
2024-25,2024-09-21,Southampton,Ipswich,away,0.4802,3.2,0.5366,0.061,7.53,False,-7.53,115.98
2024-25,2024-09-21,Heidenheim,Freiburg,away,0.4364,2.55,0.1129,0.0182,2.11,True,3.27,119.25
2024-25,2024-09-22,Man City,Arsenal,home,0.6149,1.8,0.1068,0.0334,3.98,False,-3.98,115.27
2024-25,2024-09-22,Stuttgart,Dortmund,home,0.5252,2.3,0.2081,0.04,4.61,True,5.99,121.26
2024-25,2024-09-28,Chelsea,Brighton,home,0.5962,1.73,0.0315,0.0108,1.31,True,0.96,122.22
2024-25,2024-09-28,Everton,Crystal Palace,away,0.5616,2.63,0.477,0.0625,7.64,False,-7.64,114.58
2024-25,2024-09-28,M'gladbach,Union Berlin,away,0.4774,3.4,0.6233,0.0625,7.16,False,-7.16,107.42
2024-25,2024-09-28,Wolfsburg,Stuttgart,away,0.5818,2.05,0.1927,0.0459,4.93,False,-4.93,102.49
2024-25,2024-09-28,Brentford,West Ham,home,0.6072,2.2,0.3358,0.0625,6.41,False,-6.41,96.08
2024-25,2024-09-29,Man United,Tottenham,home,0.58,2.35,0.363,0.0625,6.0,False,-6.0,90.08
2024-25,2024-09-29,Hoffenheim,Werder Bremen,away,0.4252,2.7,0.148,0.0218,1.96,True,3.34,93.42
2024-25,2024-10-05,Werder Bremen,Freiburg,home,0.5506,2.6,0.4315,0.0625,5.84,False,-5.84,87.58
2024-25,2024-10-05,Brentford,Wolves,home,0.5673,2.05,0.163,0.0388,3.4,True,3.57,91.15
2024-25,2024-10-05,Bochum,Wolfsburg,home,0.5883,3.0,0.7649,0.0625,5.7,False,-5.7,85.45
2024-25,2024-10-05,Union Berlin,Dortmund,away,0.4899,2.15,0.0533,0.0116,0.99,False,-0.99,84.46
2024-25,2024-10-05,Leicester,Bournemouth,home,0.4106,3.1,0.2728,0.0325,2.74,True,5.76,90.22
2024-25,2024-10-05,St Pauli,Mainz,home,0.5735,2.4,0.3764,0.0625,5.64,False,-5.64,84.58
2024-25,2024-10-06,Brighton,Tottenham,away,0.492,2.2,0.0825,0.0172,1.45,False,-1.45,83.13
2024-25,2024-10-19,Ipswich,Everton,home,0.4647,2.38,0.106,0.0192,1.6,False,-1.6,81.53
2024-25,2024-10-19,Newcastle,Brighton,home,0.6165,1.95,0.2022,0.0532,4.34,False,-4.34,77.19
2024-25,2024-10-19,Fulham,Aston Villa,home,0.4306,2.45,0.0549,0.0095,0.73,False,-0.73,76.46
2024-25,2024-10-19,Hoffenheim,Bochum,home,0.616,1.7,0.0471,0.0168,1.28,True,0.9,77.36
2024-25,2024-10-19,Freiburg,Augsburg,home,0.631,1.73,0.0916,0.0314,2.43,True,1.77,79.13
2024-25,2024-10-19,Man United,Brentford,home,0.6225,1.7,0.0583,0.0208,1.65,True,1.15,80.28
2024-25,2024-10-20,Wolfsburg,Werder Bremen,home,0.5788,2.1,0.2154,0.049,3.93,False,-3.93,76.35
2024-25,2024-10-21,Nott'm Forest,Crystal Palace,away,0.476,3.0,0.4281,0.0535,4.08,False,-4.08,72.27
2024-25,2024-10-25,Leicester,Nott'm Forest,home,0.4929,3.0,0.4786,0.0598,4.32,False,-4.32,67.95
2024-25,2024-10-26,RB Leipzig,Freiburg,home,0.6368,1.73,0.1016,0.0348,2.36,True,1.73,69.68
2024-25,2024-10-26,Everton,Fulham,home,0.4457,2.75,0.2257,0.0322,2.24,False,-2.24,67.44
2024-25,2024-10-26,Aston Villa,Bournemouth,home,0.5933,1.85,0.0976,0.0287,1.94,False,-1.94,65.5
2024-25,2024-10-26,Brighton,Wolves,home,0.6449,1.62,0.0448,0.0181,1.19,False,-1.19,64.31
2024-25,2024-10-27,Heidenheim,Hoffenheim,away,0.4293,3.1,0.3307,0.0394,2.53,False,-2.53,61.78
2024-25,2024-10-27,Crystal Palace,Tottenham,away,0.594,1.83,0.087,0.0262,1.62,False,-1.62,60.16
2024-25,2024-10-27,Union Berlin,Ein Frankfurt,home,0.4095,2.55,0.0443,0.0071,0.43,False,-0.43,59.73
2024-25,2024-10-27,Arsenal,Liverpool,home,0.4387,2.5,0.0967,0.0161,0.96,False,-0.96,58.77
2024-25,2024-10-27,West Ham,Man United,home,0.5401,2.88,0.5556,0.0625,3.67,True,6.91,65.68
2024-25,2024-11-02,Holstein Kiel,Heidenheim,away,0.5781,2.45,0.4163,0.0625,4.11,False,-4.11,61.58
2024-25,2024-11-02,Nott'm Forest,West Ham,away,0.4185,3.4,0.423,0.0441,2.72,False,-2.72,58.86
2024-25,2024-11-02,Ipswich,Leicester,home,0.5321,2.25,0.1973,0.0395,2.32,False,-2.32,56.54
2024-25,2024-11-02,Dortmund,RB Leipzig,home,0.4765,2.2,0.0483,0.0101,0.57,True,0.69,57.23
2024-25,2024-11-02,Wolfsburg,Augsburg,home,0.5484,2.0,0.0968,0.0242,1.38,False,-1.38,55.85
2024-25,2024-11-02,Southampton,Everton,away,0.5229,2.63,0.3752,0.0576,3.22,False,-3.22,52.63
2024-25,2024-11-03,Man United,Chelsea,home,0.5368,2.6,0.3957,0.0618,3.25,False,-3.25,49.38
2024-25,2024-11-03,Tottenham,Aston Villa,home,0.5719,1.91,0.0923,0.0253,1.25,True,1.14,50.52
2024-25,2024-11-03,M'gladbach,Werder Bremen,away,0.4464,3.2,0.4286,0.0487,2.46,False,-2.46,48.06
2024-25,2024-11-08,Union Berlin,Freiburg,away,0.5348,2.9,0.5508,0.0625,3.0,False,-3.0,45.06
2024-25,2024-11-09,Crystal Palace,Fulham,home,0.4813,2.7,0.2995,0.044,1.98,False,-1.98,43.08
2024-25,2024-11-09,Brentford,Bournemouth,home,0.478,2.5,0.195,0.0325,1.4,True,2.1,45.18
2024-25,2024-11-09,Mainz,Dortmund,away,0.5223,2.0,0.0447,0.0112,0.51,False,-0.51,44.67
2024-25,2024-11-10,Augsburg,Hoffenheim,away,0.4162,3.25,0.3526,0.0392,1.75,False,-1.75,42.92
2024-25,2024-11-10,Heidenheim,Wolfsburg,home,0.5369,2.75,0.4766,0.0625,2.68,False,-2.68,40.24
2024-25,2024-11-10,Chelsea,Arsenal,home,0.5125,2.7,0.3838,0.0564,2.27,False,-2.27,37.97
2024-25,2024-11-23,Bournemouth,Brighton,home,0.534,2.4,0.2816,0.0503,1.91,False,-1.91,36.06
2024-25,2024-11-23,Everton,Brentford,home,0.548,2.45,0.3425,0.0591,2.13,False,-2.13,33.93
2024-25,2024-11-23,Hoffenheim,RB Leipzig,home,0.3869,3.4,0.3153,0.0328,1.11,True,2.67,36.6
2024-25,2024-11-23,Wolfsburg,Union Berlin,home,0.5688,2.3,0.3083,0.0593,2.17,True,2.82,39.42
2024-25,2024-11-24,M'gladbach,St Pauli,away,0.3907,4.2,0.6409,0.0501,1.97,False,-1.97,37.45
2024-25,2024-11-30,Werder Bremen,Stuttgart,away,0.5837,2.2,0.2842,0.0592,2.22,False,-2.22,35.23
2024-25,2024-11-30,Crystal Palace,Newcastle,home,0.3964,2.9,0.1496,0.0197,0.69,False,-0.69,34.54
2024-25,2024-12-01,Mainz,Hoffenheim,home,0.5554,2.1,0.1662,0.0378,1.31,True,1.44,35.98
2024-25,2024-12-01,Tottenham,Fulham,home,0.6112,1.7,0.039,0.0139,0.5,False,-0.5,35.48
2024-25,2024-12-01,Heidenheim,Ein Frankfurt,away,0.6156,1.95,0.2005,0.0528,1.87,True,1.78,37.26
2024-25,2024-12-01,Liverpool,Man City,home,0.5572,2.1,0.1702,0.0387,1.44,True,1.59,38.85
2024-25,2024-12-03,Ipswich,Crystal Palace,home,0.4446,3.0,0.3338,0.0417,1.62,False,-1.62,37.23
2024-25,2024-12-05,Fulham,Brighton,home,0.4481,2.35,0.0531,0.0098,0.36,True,0.49,37.72
2024-25,2024-12-06,Stuttgart,Union Berlin,home,0.611,1.8,0.0997,0.0312,1.18,True,0.94,38.66
2024-25,2024-12-07,M'gladbach,Dortmund,away,0.5568,2.1,0.1692,0.0385,1.49,False,-1.49,37.17
2024-25,2024-12-07,Brentford,Newcastle,home,0.4368,2.88,0.258,0.0343,1.27,True,2.4,39.57
2024-25,2024-12-08,Wolfsburg,Mainz,away,0.4075,3.5,0.4262,0.0426,1.69,False,-1.69,37.88
2024-25,2024-12-08,Hoffenheim,Freiburg,home,0.4801,2.7,0.2963,0.0436,1.65,False,-1.65,36.23
2024-25,2024-12-08,Leicester,Brighton,home,0.3947,4.5,0.776,0.0554,2.01,False,-2.01,34.22
2024-25,2024-12-08,Ipswich,Bournemouth,away,0.5263,2.0,0.0527,0.0132,0.45,True,0.45,34.67
2024-25,2024-12-13,Freiburg,Wolfsburg,away,0.4341,3.3,0.4326,0.047,1.63,False,-1.63,33.04
2024-25,2024-12-14,St Pauli,Werder Bremen,away,0.4328,2.63,0.1384,0.0212,0.7,True,1.14,34.18
2024-25,2024-12-14,Wolves,Ipswich,home,0.5876,1.9,0.1164,0.0323,1.1,False,-1.1,33.08
2024-25,2024-12-14,Nott'm Forest,Aston Villa,away,0.4265,2.7,0.1516,0.0223,0.74,False,-0.74,32.34
2024-25,2024-12-15,RB Leipzig,Ein Frankfurt,away,0.4684,3.2,0.499,0.0567,1.83,False,-1.83,30.51
2024-25,2024-12-21,Ein Frankfurt,Mainz,away,0.4862,3.9,0.8961,0.0625,1.91,True,5.53,36.04
2024-25,2024-12-21,Aston Villa,Man City,away,0.5022,2.1,0.0546,0.0124,0.45,False,-0.45,35.59
2024-25,2024-12-21,West Ham,Brighton,home,0.5391,2.88,0.5526,0.0625,2.22,False,-2.22,33.37
2024-25,2024-12-21,Holstein Kiel,Augsburg,away,0.4924,2.35,0.1572,0.0291,0.97,False,-0.97,32.4
2024-25,2024-12-21,Werder Bremen,Union Berlin,home,0.54,2.05,0.107,0.0255,0.83,True,0.87,33.27
2024-25,2024-12-22,Leicester,Wolves,home,0.5543,2.55,0.4133,0.0625,2.08,False,-2.08,31.19
2024-25,2024-12-22,Man United,Bournemouth,home,0.6094,1.8,0.0969,0.0303,0.95,False,-0.95,30.24
2024-25,2024-12-22,Bochum,Heidenheim,home,0.6222,2.3,0.431,0.0625,1.89,True,2.46,32.7
2024-25,2024-12-22,Wolfsburg,Dortmund,away,0.5073,2.2,0.116,0.0242,0.79,True,0.95,33.65
2024-25,2024-12-22,Tottenham,Liverpool,home,0.441,4.5,0.9845,0.0625,2.1,False,-2.1,31.55
2024-25,2024-12-26,Nott'm Forest,Tottenham,away,0.4346,2.88,0.2516,0.0335,1.06,False,-1.06,30.49
2024-25,2024-12-26,Bournemouth,Crystal Palace,home,0.5967,1.9,0.1337,0.0371,1.13,False,-1.13,29.36
2024-25,2024-12-26,Newcastle,Aston Villa,home,0.62,1.91,0.1843,0.0506,1.49,True,1.35,30.71
2024-25,2024-12-29,Fulham,Bournemouth,home,0.5767,2.3,0.3264,0.0625,1.92,False,-1.92,28.79
2024-25,2024-12-29,Tottenham,Wolves,away,0.571,4.2,1.3983,0.0625,1.8,False,-1.8,26.99
2024-25,2024-12-29,Everton,Nott'm Forest,away,0.4609,2.8,0.2905,0.0403,1.09,True,1.96,28.95
2024-25,2024-12-30,Man United,Newcastle,away,0.4276,2.55,0.0903,0.0146,0.42,True,0.66,29.61
2024-25,2025-01-04,Tottenham,Newcastle,away,0.5489,2.25,0.2349,0.047,1.39,True,1.74,31.35
2024-25,2025-01-10,Dortmund,Leverkusen,home,0.5935,2.7,0.6025,0.0625,1.96,False,-1.96,29.39
2024-25,2025-01-11,Hoffenheim,Wolfsburg,away,0.4088,2.88,0.1772,0.0236,0.69,True,1.3,30.69
2024-25,2025-01-11,St Pauli,Ein Frankfurt,away,0.504,2.05,0.0332,0.0079,0.24,True,0.25,30.94
2024-25,2025-01-12,Augsburg,Stuttgart,away,0.5441,2.0,0.0883,0.0221,0.68,True,0.68,31.62
2024-25,2025-01-14,West Ham,Fulham,away,0.5541,2.38,0.3187,0.0577,1.82,False,-1.82,29.8
2024-25,2025-01-15,Leicester,Crystal Palace,away,0.5635,1.91,0.0763,0.021,0.63,True,0.57,30.37
2024-25,2025-01-15,Everton,Aston Villa,away,0.5299,2.3,0.2187,0.0421,1.28,True,1.66,32.03
2024-25,2025-01-15,Bochum,St Pauli,away,0.464,2.75,0.276,0.0394,1.26,False,-1.26,30.77
2024-25,2025-01-15,Stuttgart,RB Leipzig,home,0.5579,1.95,0.0879,0.0231,0.71,True,0.68,31.45
2024-25,2025-01-17,Ein Frankfurt,Dortmund,home,0.6234,2.55,0.5896,0.0625,1.97,True,3.05,34.5
2024-25,2025-01-18,Holstein Kiel,Hoffenheim,home,0.4131,3.0,0.2394,0.0299,1.03,False,-1.03,33.47
2024-25,2025-01-18,West Ham,Crystal Palace,away,0.4132,2.63,0.0868,0.0133,0.45,True,0.73,34.2
2024-25,2025-01-18,Stuttgart,Freiburg,home,0.6404,1.65,0.0567,0.0218,0.75,True,0.48,34.68
2024-25,2025-01-19,Man United,Brighton,home,0.5358,2.1,0.1251,0.0284,0.98,False,-0.98,33.7
2024-25,2025-01-19,Everton,Tottenham,away,0.435,2.45,0.0657,0.0113,0.38,False,-0.38,33.32
2024-25,2025-01-19,Union Berlin,Mainz,away,0.4009,2.88,0.1545,0.0206,0.69,False,-0.69,32.63
2024-25,2025-01-25,Bournemouth,Nott'm Forest,home,0.5391,2.05,0.1052,0.0251,0.82,True,0.86,33.49
2024-25,2025-01-25,Man City,Chelsea,home,0.5583,2.05,0.1444,0.0344,1.15,True,1.21,34.7
2024-25,2025-01-25,Augsburg,Heidenheim,home,0.6234,1.82,0.1345,0.041,1.42,True,1.17,35.87
2024-25,2025-01-25,RB Leipzig,Leverkusen,home,0.4855,3.7,0.7962,0.0625,2.24,False,-2.24,33.63
2024-25,2025-01-25,Mainz,Stuttgart,away,0.4517,2.45,0.1066,0.0184,0.62,False,-0.62,33.01
2024-25,2025-01-26,Fulham,Man United,home,0.6193,2.3,0.4245,0.0625,2.06,False,-2.06,30.95
2024-25,2025-01-26,Crystal Palace,Brentford,home,0.5241,2.05,0.0744,0.0177,0.55,False,-0.55,30.4
2024-25,2025-01-26,St Pauli,Union Berlin,away,0.4406,3.0,0.3219,0.0402,1.22,False,-1.22,29.18
2024-25,2025-02-01,Bournemouth,Liverpool,home,0.4087,4.5,0.8392,0.0599,1.75,False,-1.75,27.43
2024-25,2025-02-01,Newcastle,Fulham,home,0.6333,1.7,0.0765,0.0273,0.75,False,-0.75,26.68
2024-25,2025-02-01,St Pauli,Augsburg,away,0.4718,3.1,0.4626,0.0551,1.47,False,-1.47,25.21
2024-25,2025-02-01,Ipswich,Southampton,home,0.5284,1.95,0.0305,0.008,0.2,False,-0.2,25.01
2024-25,2025-02-01,Union Berlin,RB Leipzig,away,0.5544,2.25,0.2474,0.0495,1.24,False,-1.24,23.77
2024-25,2025-02-01,Everton,Leicester,away,0.476,4.5,1.1421,0.0625,1.49,False,-1.49,22.28
2024-25,2025-02-01,Heidenheim,Dortmund,home,0.5655,4.33,1.4485,0.0625,1.39,False,-1.39,20.89
2024-25,2025-02-01,Bochum,Freiburg,home,0.5123,2.8,0.4345,0.0603,1.26,False,-1.26,19.63
2024-25,2025-02-02,Brentford,Tottenham,home,0.5535,2.1,0.1623,0.0369,0.72,False,-0.72,18.91
2024-25,2025-02-02,Ein Frankfurt,Wolfsburg,away,0.5558,3.6,1.001,0.0625,1.18,False,-1.18,17.73
2024-25,2025-02-08,M'gladbach,Ein Frankfurt,home,0.5289,2.63,0.3909,0.06,1.06,False,-1.06,16.67
2024-25,2025-02-08,Hoffenheim,Union Berlin,away,0.4274,3.2,0.3677,0.0418,0.7,True,1.53,18.2
2024-25,2025-02-09,Holstein Kiel,Bochum,home,0.5443,2.25,0.2246,0.0449,0.82,False,-0.82,17.38
2024-25,2025-02-14,Brighton,Chelsea,away,0.4305,2.45,0.0547,0.0094,0.16,False,-0.16,17.22
2024-25,2025-02-15,Crystal Palace,Everton,home,0.5976,1.8,0.0758,0.0237,0.41,False,-0.41,16.81
2024-25,2025-02-15,West Ham,Brentford,away,0.4313,2.88,0.242,0.0322,0.54,True,1.02,17.83
2024-25,2025-02-15,Leverkusen,Bayern Munich,away,0.4592,2.25,0.0333,0.0067,0.12,False,-0.12,17.71
2024-25,2025-02-15,St Pauli,Freiburg,away,0.4089,2.88,0.1776,0.0236,0.42,True,0.79,18.5
2024-25,2025-02-15,Stuttgart,Wolfsburg,away,0.5659,4.2,1.3766,0.0625,1.16,True,3.7,22.2
2024-25,2025-02-15,Union Berlin,M'gladbach,away,0.402,3.1,0.2462,0.0293,0.65,True,1.37,23.57
2024-25,2025-02-16,Heidenheim,Mainz,away,0.5831,2.05,0.1954,0.0465,1.1,True,1.15,24.72
2024-25,2025-02-16,Werder Bremen,Hoffenheim,home,0.5976,1.85,0.1056,0.0311,0.77,False,-0.77,23.95
2024-25,2025-02-19,Aston Villa,Liverpool,home,0.4442,3.9,0.7324,0.0625,1.5,False,-1.5,22.45
2024-25,2025-02-21,Freiburg,Werder Bremen,home,0.5433,2.0,0.0867,0.0217,0.49,True,0.49,22.94
2024-25,2025-02-21,Leicester,Brentford,away,0.5521,1.91,0.0546,0.015,0.34,True,0.31,23.25
2024-25,2025-02-22,Aston Villa,Chelsea,home,0.5531,2.63,0.4545,0.0625,1.45,True,2.37,25.62
2024-25,2025-02-22,Fulham,Crystal Palace,home,0.6121,2.05,0.2549,0.0607,1.56,False,-1.56,24.06
2024-25,2025-02-23,Hoffenheim,Stuttgart,home,0.433,3.5,0.5156,0.0516,1.24,False,-1.24,22.82
2024-25,2025-02-23,Man City,Liverpool,home,0.6124,2.88,0.7638,0.0625,1.43,False,-1.43,21.39
2024-25,2025-02-25,Crystal Palace,Aston Villa,home,0.5523,2.45,0.3532,0.0609,1.3,True,1.89,23.28
2024-25,2025-02-25,Wolves,Fulham,home,0.4215,2.63,0.1086,0.0167,0.39,False,-0.39,22.89
2024-25,2025-02-26,Brentford,Everton,home,0.5802,2.0,0.1604,0.0401,0.92,False,-0.92,21.97
2024-25,2025-02-26,Tottenham,Man City,home,0.4217,3.25,0.3704,0.0412,0.91,False,-0.91,21.06
2024-25,2025-03-01,Werder Bremen,Wolfsburg,away,0.5613,2.6,0.4595,0.0625,1.32,True,2.11,23.17
2024-25,2025-03-01,RB Leipzig,Mainz,home,0.5597,1.95,0.0913,0.024,0.56,False,-0.56,22.61
2024-25,2025-03-01,Bochum,Hoffenheim,home,0.5459,2.4,0.3101,0.0554,1.25,False,-1.25,21.36
2024-25,2025-03-01,St Pauli,Dortmund,away,0.6205,1.83,0.1355,0.0408,0.87,True,0.72,22.08
2024-25,2025-03-02,Augsburg,Freiburg,away,0.4457,2.7,0.2034,0.0299,0.66,False,-0.66,21.42
2024-25,2025-03-07,M'gladbach,Mainz,away,0.5067,2.7,0.3681,0.0541,1.16,True,1.97,23.39
2024-25,2025-03-08,Wolves,Everton,home,0.5468,2.6,0.4216,0.0625,1.46,False,-1.46,21.93
2024-25,2025-03-08,Brentford,Aston Villa,home,0.6105,2.2,0.3431,0.0625,1.37,False,-1.37,20.56
2024-25,2025-03-08,Brighton,Fulham,home,0.6043,1.95,0.1784,0.047,0.97,True,0.92,21.48
2024-25,2025-03-08,Wolfsburg,St Pauli,home,0.5989,1.75,0.0481,0.016,0.34,False,-0.34,21.14
2024-25,2025-03-08,Freiburg,RB Leipzig,away,0.4329,2.7,0.1687,0.0248,0.52,False,-0.52,20.62
2024-25,2025-03-08,Nott'm Forest,Man City,away,0.5756,1.85,0.0649,0.0191,0.39,False,-0.39,20.23
2024-25,2025-03-10,West Ham,Newcastle,home,0.4633,3.25,0.5057,0.0562,1.14,False,-1.14,19.09
2024-25,2025-03-15,Man City,Brighton,away,0.4261,4.5,0.9172,0.0625,1.19,False,-1.19,17.9
2024-25,2025-03-15,Werder Bremen,M'gladbach,away,0.4113,2.8,0.1517,0.0211,0.38,True,0.68,18.58
2024-25,2025-03-15,Mainz,Freiburg,home,0.5786,1.95,0.1282,0.0337,0.63,False,-0.63,17.95
2024-25,2025-03-15,Ipswich,Nott'm Forest,away,0.5784,2.0,0.1568,0.0392,0.7,True,0.7,18.65
2024-25,2025-03-15,RB Leipzig,Dortmund,home,0.575,2.38,0.3686,0.0625,1.17,True,1.61,20.26
2024-25,2025-03-15,Southampton,Wolves,away,0.5732,2.0,0.1464,0.0366,0.74,True,0.74,21.0
2024-25,2025-03-16,Leicester,Man United,away,0.608,1.83,0.1126,0.0339,0.71,True,0.59,21.59
2024-25,2025-03-16,Fulham,Tottenham,home,0.5704,2.0,0.1408,0.0352,0.76,True,0.76,22.35
2024-25,2025-03-16,Heidenheim,Holstein Kiel,home,0.5558,2.0,0.1116,0.0279,0.62,True,0.62,22.97
2024-25,2025-03-16,Stuttgart,Leverkusen,home,0.5651,3.1,0.7519,0.0625,1.44,False,-1.44,21.53
2024-25,2025-03-16,Bochum,Ein Frankfurt,home,0.4346,3.1,0.3472,0.0413,0.89,False,-0.89,20.64
2024-25,2025-03-16,Arsenal,Chelsea,home,0.6218,1.8,0.1192,0.0373,0.77,True,0.62,21.26
2024-25,2025-03-29,Holstein Kiel,Werder Bremen,home,0.4589,3.2,0.4684,0.0532,1.13,False,-1.13,20.13
2024-25,2025-03-29,Ein Frankfurt,Stuttgart,home,0.5729,2.5,0.4323,0.0625,1.26,True,1.89,22.02
2024-25,2025-03-29,Wolfsburg,Heidenheim,home,0.6223,1.67,0.0393,0.0147,0.32,False,-0.32,21.7
2024-25,2025-03-30,Freiburg,Union Berlin,home,0.5644,2.0,0.1288,0.0322,0.7,False,-0.7,21.0
2024-25,2025-04-01,Wolves,West Ham,away,0.4465,2.9,0.2948,0.0388,0.81,False,-0.81,20.19
2024-25,2025-04-01,Nott'm Forest,Man United,home,0.5818,2.3,0.3381,0.0625,1.26,True,1.64,21.83
2024-25,2025-04-02,Brighton,Aston Villa,home,0.6336,2.05,0.2989,0.0625,1.36,False,-1.36,20.47
2024-25,2025-04-02,Newcastle,Brentford,home,0.6045,1.73,0.0458,0.0157,0.32,True,0.23,20.7
2024-25,2025-04-05,Freiburg,Dortmund,home,0.4931,3.1,0.5286,0.0625,1.29,False,-1.29,19.41
2024-25,2025-04-05,Bochum,Stuttgart,home,0.5687,3.1,0.7628,0.0625,1.21,False,-1.21,18.2
2024-25,2025-04-05,Werder Bremen,Ein Frankfurt,away,0.44,2.5,0.1,0.0167,0.3,False,-0.3,17.9
2024-25,2025-04-06,St Pauli,M'gladbach,away,0.5162,2.75,0.4195,0.0599,1.07,False,-1.07,16.83
2024-25,2025-04-06,Brentford,Chelsea,home,0.3827,3.2,0.2245,0.0255,0.43,False,-0.43,16.4
2024-25,2025-04-11,Wolfsburg,RB Leipzig,away,0.5137,2.3,0.1816,0.0349,0.57,True,0.74,17.14
2024-25,2025-04-12,M'gladbach,Freiburg,home,0.5857,2.15,0.2592,0.0564,0.97,False,-0.97,16.17
2024-25,2025-04-12,Nott'm Forest,Everton,home,0.5947,2.1,0.2489,0.0566,0.92,False,-0.92,15.25
2024-25,2025-04-12,Hoffenheim,Mainz,home,0.5128,2.7,0.3846,0.0566,0.86,True,1.47,16.72
2024-25,2025-04-13,Ein Frankfurt,Heidenheim,home,0.6271,1.73,0.0848,0.0291,0.49,True,0.36,17.08
2024-25,2025-04-19,Brentford,Brighton,away,0.4335,2.63,0.1402,0.0215,0.37,False,-0.37,16.71
2024-25,2025-04-19,Everton,Man City,home,0.4177,3.7,0.5457,0.0505,0.84,False,-0.84,15.87
2024-25,2025-04-19,Werder Bremen,Bochum,home,0.6313,1.73,0.0922,0.0316,0.5,True,0.37,16.24
2024-25,2025-04-19,Mainz,Wolfsburg,home,0.5218,2.0,0.0436,0.0109,0.18,False,-0.18,16.06
2024-25,2025-04-19,Crystal Palace,Bournemouth,home,0.4823,2.45,0.1817,0.0313,0.5,False,-0.5,15.56
2024-25,2025-04-19,Union Berlin,Stuttgart,away,0.4293,2.45,0.0518,0.0089,0.14,False,-0.14,15.42
2024-25,2025-04-20,Man United,Wolves,home,0.5723,2.0,0.1445,0.0361,0.56,False,-0.56,14.86
2024-25,2025-04-20,Fulham,Chelsea,home,0.4839,2.7,0.3065,0.0451,0.67,False,-0.67,14.19
2024-25,2025-04-22,Man City,Aston Villa,home,0.6032,1.8,0.0857,0.0268,0.38,True,0.3,14.49
2024-25,2025-04-26,Ein Frankfurt,RB Leipzig,home,0.5896,2.15,0.2677,0.0582,0.84,True,0.97,15.46
2024-25,2025-04-26,Holstein Kiel,M'gladbach,home,0.4387,3.1,0.3601,0.0429,0.66,True,1.39,16.85
2024-25,2025-04-27,Werder Bremen,St Pauli,home,0.5648,1.85,0.0448,0.0132,0.22,False,-0.22,16.63
2024-25,2025-04-27,Bochum,Union Berlin,away,0.4946,3.1,0.5332,0.0625,1.04,False,-1.04,15.59
2024-25,2025-05-01,Nott'm Forest,Brentford,home,0.6057,2.15,0.3024,0.0625,0.97,False,-0.97,14.62
2024-25,2025-05-03,Leicester,Southampton,away,0.4061,2.88,0.1696,0.0226,0.33,False,-0.33,14.29
2024-25,2025-05-03,Union Berlin,Werder Bremen,home,0.4556,2.7,0.2301,0.0338,0.48,False,-0.48,13.81
2024-25,2025-05-03,St Pauli,Stuttgart,home,0.4517,2.62,0.1835,0.0283,0.39,False,-0.39,13.42
2024-25,2025-05-03,Arsenal,Bournemouth,home,0.6065,2.05,0.2433,0.0579,0.78,False,-0.78,12.64
2024-25,2025-05-03,Aston Villa,Fulham,home,0.6269,1.77,0.1096,0.0356,0.45,True,0.35,12.99
2024-25,2025-05-04,West Ham,Tottenham,home,0.5195,2.1,0.091,0.0207,0.27,False,-0.27,12.72
2024-25,2025-05-04,Freiburg,Leverkusen,home,0.4583,3.2,0.4665,0.053,0.67,False,-0.67,12.05
2024-25,2025-05-04,Brighton,Newcastle,away,0.4563,2.3,0.0494,0.0095,0.11,False,-0.11,11.94
2024-25,2025-05-04,Mainz,Ein Frankfurt,away,0.4002,2.9,0.1605,0.0211,0.25,False,-0.25,11.69
2024-25,2025-05-09,Wolfsburg,Hoffenheim,home,0.4758,2.2,0.0468,0.0097,0.11,False,-0.11,11.58
2024-25,2025-05-10,Werder Bremen,RB Leipzig,home,0.5687,2.35,0.3365,0.0623,0.72,False,-0.72,10.86
2024-25,2025-05-10,Bochum,Mainz,away,0.5181,2.3,0.1915,0.0368,0.4,True,0.52,11.38
2024-25,2025-05-10,Bournemouth,Aston Villa,home,0.585,2.4,0.4039,0.0625,0.71,False,-0.71,10.67
2024-25,2025-05-10,Wolves,Brighton,home,0.4574,2.7,0.235,0.0346,0.37,False,-0.37,10.3
2024-25,2025-05-10,Union Berlin,Heidenheim,home,0.4728,2.25,0.0638,0.0128,0.13,False,-0.13,10.17
2024-25,2025-05-11,Newcastle,Chelsea,home,0.4947,2.1,0.039,0.0089,0.09,True,0.1,10.27
2024-25,2025-05-11,Tottenham,Crystal Palace,away,0.5897,2.5,0.4742,0.0625,0.64,True,0.96,11.23
2024-25,2025-05-11,Liverpool,Arsenal,home,0.5818,2.0,0.1635,0.0409,0.46,False,-0.46,10.77
2024-25,2025-05-17,Heidenheim,Werder Bremen,away,0.4347,2.75,0.1953,0.0279,0.3,True,0.53,11.3
2024-25,2025-05-17,Freiburg,Ein Frankfurt,home,0.5762,2.35,0.3541,0.0625,0.71,False,-0.71,10.59
2024-25,2025-05-17,Mainz,Leverkusen,away,0.417,3.0,0.251,0.0314,0.33,False,-0.33,10.26
2024-25,2025-05-18,Leicester,Ipswich,home,0.5526,2.3,0.2711,0.0521,0.53,True,0.69,10.95
2024-25,2025-05-20,Crystal Palace,Wolves,home,0.6137,2.25,0.3809,0.0625,0.68,True,0.86,11.81
2024-25,2025-05-25,Nott'm Forest,Chelsea,home,0.4898,3.0,0.4694,0.0587,0.69,False,-0.69,11.12
2024-25,2025-05-25,Wolves,Brentford,away,0.484,2.45,0.1859,0.032,0.36,False,-0.36,10.76
2024-25,2025-05-25,Man United,Aston Villa,home,0.495,4.33,1.1433,0.0625,0.67,True,2.24,13.0
2024-25,2025-05-25,Ipswich,West Ham,away,0.499,2.2,0.0979,0.0204,0.27,True,0.32,13.32
